id,title,description,latitude,longitude
1,Providence Memorial Hospital,"2001 N. Oregon St., El Paso - 79902",31.771691253000483,-106.49985294199968
2,Memorial Hermann Baptist Orange Hospital,"608 Strickland Drive, Orange - 77630",30.09942102700046,-93.76764915199965
3,Peterson Regional Medical Center,"551 Hill Country Drive, Kerrville - 78028",30.044887701000448,-99.15177382699966
4,United Regional Health Care System,"1600 11th St., Wichita Falls - 76301",33.90291267200047,-98.50044645099968
5,St Joseph Regional Health Center,"2801 Franciscan Drive, Bryan - 77802",30.655558166000446,-96.34736305399969
6,Parkland Health And Hospital System,"5201 Harry Hines Blvd., Dallas - 75235",32.81152823000048,-96.83703823599967
7,University Of Texas Medical Branch Gal,"301 University Blvd., Galveston - 77555",29.311109555000485,-94.77554777299969
8,Baylor University Medical Center,"3500 Gaston Ave., Dallas - 75246",32.79078733400047,-96.78053864299966
9,Citizens Medical Center,"2701 Hospital Drive, Victoria - 77901",28.812806397000486,-96.97675118699965
10,University Medical Center Of El Paso,"4815 Alameda Ave., El Paso - 79905",31.770719968000435,-106.43452111899967
11,"Vhs Brownsville Hospital Company, Llc","1040 W Jefferson St., Brownsville - 78520",25.91785218500047,-97.51184619599968
12,Laredo Medical Center,"1700 E. Saunders, Laredo - 78044",27.53062335800047,-99.46895641199967
13,Good Shepherd Medical Center Marshall,"811 S. Washington, Marshall - 75670",32.53729202000045,-94.36783029599968
14,Vhs Harlingen Hospital Company Llc,"2101 Pease St., Harlingen - 78550",26.174020442000483,-97.67118933999967
15,Christus Hospital,"2830 Calder Ave., Beaumont - 77702",30.085627275000434,-94.13118063699966
16,St Joseph Medical Center,"1401 St. Joseph Parkway, Houston - 77002",29.747805361000474,-95.36622659999966
17,Good Shepherd Medical Center,"700 E. Marshall Ave., Longview - 75601",32.50147763600046,-94.73134817899967
18,Jps Health Network,"1500 S. Main St., Fort Worth - 76104",32.72647222600045,-97.32645284799969
19,Covenant Medical Center,"3615 19th St., Lubbock - 79410",33.57787319400046,-101.89255068299968
20,Providence Health Center,"6901 Medical Parkway, Waco - 76712",31.513228214000435,-97.1985460899997
21,UT Southwestern University Hospital,"5909 Harry Hines Blvd., Dallas - 75390",32.81775433100046,-96.84473258599968
22,Christus Spohn Hospital Corpus Christi,"600 Elizabeth St., Corpus Christi - 78404",27.777535767000472,-97.39521913999965
23,Methodist Dallas Medical Center,"1441 N. Beckley Ave., Dallas - 75203",32.76155917500046,-96.82305272699966
24,Goodall Witcher Hospital,"101 Posey Ave., Clifton - 76634",31.802211300000465,-97.55040619899967
25,Scott & White Memorial Hospital,"2401 31st St., Temple - 76508",31.077060297000457,-97.36658639599966
26,Rolling Plains Memorial Hospital,"200 E. Arizona, Sweetwater - 79556",32.453868213000476,-100.39816803999969
27,Seton Medical Center Austin,"1201 W. 38th St., Austin - 78705",30.306274603000475,-97.74556209299965
28,Baptist Medical Center,"111 Dallas St., San Antonio - 78205",29.432884646000446,-98.49282708899966
29,Texas Health Arlington Memorial Hospital,"800 W. Randol Mill Road, Arlington - 76012",32.750092906000475,-97.11521103399969
30,Memorial Hermann Texas Medical Center,"6411 Fannin, Houston - 77030",29.714854132000482,-95.39671805399968
31,Brazosport Regional Health System,"100 Medical Drive, Lake Jackson - 77566",29.03191861200048,-95.4521614359997
32,Cogdell Memorial Hospital,"1700 Cogdell Blvd., Snyder - 79549",32.68847800000049,-100.9171367189997
33,"University Of Texas M D Anderson Cancer Center,The","1515 Holcombe Blvd., Houston - 77030",29.706352887000435,-95.39693895799968
34,Anson General Hospital,"101 Ave. J, Anson - 79501",32.76742223100047,-99.89548544199965
35,Baylor Medical Center At Irving,"1901 N. Mac Arthur Blvd., Irving - 75061",32.834260602000484,-96.95925271999965
36,Titus Regional Medical Center,"2001 N. Jefferson, Mount Pleasant - 75455",33.17582892200045,-94.97047391199965
37,Christus Spohn Hospital Beeville,"1500 E. Houston Highway, Beeville - 78102",28.40794559900047,-97.7326875609997
38,East Texas Medical Center,"1000 S. Beckham St., Tyler - 75701",32.33848393100044,-95.29189685099965
39,Graham Regional Medical Center,"1301 Montgomery Road, Graham - 76450",33.08987958600045,-98.58576011499969
40,North Hills Hospital,"4401 Booth Calloway Road, North Richland Hills - 76180",32.82889048900046,-97.21224378799968
41,North Texas Medical Center,"1900 Hospital Blvd., Gainesville - 76240",33.64615093200047,-97.16250571099965
42,Fort Duncan Medical Center,"3333 N. Foster Maldonado Blvd., Eagle Pass - 78852",28.70944556200044,-100.45392437099969
43,Bayshore Medical Center,"4000 Spencer Highway, Pasadena - 77504",29.66515698900048,-95.18371238199967
44,Pampa Regional Medical Center,"1 Medical Plaza, Pampa - 79065",35.57211432700046,-100.96348470099969
45,Hillcrest Baptist Medical Center,"100 Hillcrest Medical Blvd., Waco - 76712",31.489150708000466,-97.15696089499966
46,Mother Frances Hospital,"800 E. Dawson, Tyler - 75701",32.34216567100049,-95.29195701399965
47,Guadalupe Regional Medical Center,"1215 E. Court St., Seguin - 78155",29.569053085000462,-97.9477502799997
48,Las Palmas Medical Center,"1801 N. Oregon St., El Paso - 79902",31.77003071100046,-106.49841269899969
49,Connally Memorial Medical Center,"499 10th St., Floresville - 78114",29.15957012500047,-98.17340903599967
50,South Texas Health System,"1102 W. Trenton Road, Edinburg - 78539",26.26306279500045,-98.18136440599966
51,University Medical Center At Brackenridge,"601 E. 15th St., Austin - 78701",30.275163717000453,-97.73335793599966
52,Knapp Medical Center,"1401 E. Eighth St., Weslaco - 78596",26.15193250000044,-97.97634874799968
53,Nix Health Care System,"414 Navarro, Suite 600, San Antonio - 78205",29.425128266000456,-98.48965736099967
54,Medical Center Hospital,"500 W. 4th St., Odessa - 79761",31.84994519300045,-102.36411742699966
55,Midland Memorial Hospital,"400 Rosalind Redfern Grover Parkway, Midland - 79701",31.996541671000443,-102.08318980099966
56,Texas Health Harris Methodist Fort Worth,"1301 Pennsylvania Ave., Fort Worth - 76104",32.73843357800047,-97.3393107979997
57,Baylor All Saints Medical Center At Fw,"1400 Eighth Ave., Fort Worth - 76104",32.73043999800046,-97.3437831279997
58,Seton Smithville Regional Hospital,"800 E. Highway 71, Smithville - 78957",29.948611602000483,-97.07995891699966
59,Permian Regional Medical Center Andrews County Ho,"720 Hospital Drive, Andrews - 79714",32.33708692300047,-102.5461718359997
60,Detar Hospital Navarro,"506 E. San Antonio St., Victoria - 77902",28.807605655000486,-96.99848391899968
61,Texas Health Harris Methodist Hospital Cleburne,"201 Walls Drive, Cleburne - 76033",32.33106601500049,-97.43765403399965
62,Metroplex Hospital,"2201 S. Clear Creek Road, Killeen - 76542",31.112461921000488,-97.79993004499966
63,Val Verde Regional Medical Center,"801 Bedell Ave., Del Rio - 78840",29.37499328400048,-100.89362680399967
64,Hereford Regional Medical Center,"801 E. Third, Hereford - 79045",34.82073573500048,-102.39119302899968
65,Grace Medical Center,"2412 50th St., Lubbock - 79412",33.548807783000484,-101.87010019999968
66,Christus Spohn Hospital Kleberg,"1311 E. General Cavazos Blvd., Kingsville - 78363",27.491443560000448,-97.85040010499966
67,South Texas Regional Medical Center,"1905 Highway 97 East, Jourdanton - 78026",28.931356646000438,-98.5260969519997
68,Mission Regional Medical Center,"900 S. Bryan Road, Mission - 78572",26.196397118000448,-98.31274029799965
69,Uvalde Memorial Hospital,"1025 Garner Field Road, Uvalde - 78801",29.21514294500048,-99.76852128399969
70,Pecos County Memorial Hospital,"387 W. Interstate 10, Fort Stockton - 79735",30.892351841000448,-102.26636752199965
71,Memorial Hermann Hospital System,"1635 North Loop West, Houston - 77008",29.81224316200047,-95.43058859999968
72,Scott & White Hospital Brenham,"700 Medical Parkway, Brenham - 77833",30.145335848000457,-96.39907674399967
73,Etmc Clarksville,"3000 W. Main St., Clarksville - 75426",33.61115273200045,-95.04896668199967
74,Hill Regional Hospital,"101 Circle Drive, Hillsboro - 76645",32.012306425000475,-97.0994275919997
75,St Lukes Episcopal Hospital,"6720 Bertner, Houston - 77030",29.70839968000047,-95.39916400699968
76,East Texas Medical Center Jacksonville,"501 S. Ragsdale, Jacksonville - 75766",31.960945688000436,-95.27033798699966
77,Paris Regional Medical Center,"820 Clarksville St., Paris - 75460",33.66044312200046,-95.54808321199965
78,Wadley Regional Medical Center,"1000 Pine St., Texarkana - 75501",33.42760624200048,-94.04667523399968
79,Weatherford Regional Medical Center,"713 E. Anderson St., Weatherford - 76086",32.74753921100046,-97.78684751699967
80,Northwest Texas Hospital,"1501 Coulter Road, Amarillo - 79106",35.185893878000456,-101.92037962399968
81,Etmc Carthage,"409 W. Cottage, Carthage - 75633",32.143793908000475,-94.33337716199969
82,Memorial Medical Center Of East Texas,"1201 W. Frank St., Lufkin - 75901",31.325333912000474,-94.68526612199969
83,University Health System,"4502 Medical Drive, San Antonio - 78229",29.510074227000473,-98.57945748799966
84,Gulf Coast Medical Center,"10141 U.S. Highway 59 North, Wharton - 77488",29.325922837000462,-96.12076792499965
85,Scott & White Hospital-Llano,"200 W. Ollie, Llano - 78643",30.743282645000477,-98.67767109699969
86,Moore County Hospital District,"224 E. Second St., Dumas - 79029",35.86427041300044,-101.97030118399965
87,Conroe Regional Medical Center,"504 Medical Center Blvd., Conroe - 77304",30.28451513200048,-95.46626886099966
88,Hendrick Medical Center,"1900 Pine, Abilene - 79601",32.47147132900045,-99.73114769599965
89,Baptist St Anthony's Hospital,"1600 Wallace Blvd., Amarillo - 79106",35.19498783600045,-101.91922595399967
90,Memorial Hospital,"1110 N. Sarah Dewitt Drive, Gonzales - 78629",29.516863760000433,-97.4299158229997
91,Hopkins County Memorial Hospital,"115 Airport Road, Sulphur Springs - 75482",33.15631452800045,-95.60012823899967
92,Christus Santa Rosa Hospital,"2827 Babcock Road, San Antonio - 78229",29.512315130000445,-98.59152898999969
93,Faith Community Hospital,"717 Magnolia St., Jacksboro - 76458",33.22600854100045,-98.16922321399966
94,Hamlin Memorial Hospital,"632 Nw. Second St., Hamlin - 79520",32.885165876000485,-100.13474049499968
95,Bellville General Hospital,"44 N. Cummings, Bellville - 77418",29.952073124000435,-96.26087018699968
96,Lake Whitney Medical Center,"200 N. San Jacinto St., Whitney - 76692",31.95130222600045,-97.32016836999969
97,Wise Regional Health System,"609 Medical Center Drive, Decatur - 76234",33.21848912800044,-97.59545252599969
98,Central Texas Medical Center,"1301 Wonder World Drive, San Marcos - 78666",29.85183323600046,-97.94709174799965
99,Baylor Medical Center At Garland,"2300 Marie Curie Drive, Garland - 75042",32.91860832900045,-96.66228097399966
100,Harris Health System,"2525 Holly Hall, Houston - 77054",29.685401131000447,-95.39061342799965
101,Texas Health Presbyterian Hospital Kaufman,"850 Ed Hall, Kaufman - 75142",32.58450347000047,-96.27498631899965
102,Frio Regional Hospital,"200 S. Interstate 35, Pearsall - 78061",28.89570242600047,-99.09937893399967
103,Cleveland Regional Medical Ctr,"300 E. Crockett, Cleveland - 77327",30.342388995000476,-95.08540823899966
104,College Station Medical Center,"1604 Rock Prairie Road, College Station - 77842",30.582581340000445,-96.29126007199966
105,Stamford Memorial Hospital,"1601 Columbia St., Stamford - 79553",32.92832399000048,-99.78509949999966
106,Texoma Medical Center,"5016 S U.S. Highway 75, Denison - 75020",33.749752802000444,-96.5861682369997
107,Oakbend Medical Center,"1705 Jackson St., Richmond - 77469",29.577450550000435,-95.77147825299966
108,San Angelo Community Medical Center,"3501 Knickerbocker Road, San Angelo - 76904",31.419648015000462,-100.4706634529997
109,Memorial Hermann Baptist Beaumont Hospital,"3080 College St., Beaumont - 77701",30.068498462000434,-94.1197409509997
110,Huntsville Memorial Hospital,"110 Memorial Hospital Drive, Huntsville - 77340",30.699033104000478,-95.55842429299969
111,Falls Community Hospital And Clinic,"322 Coleman St., Marlin - 76661",31.307455156000458,-96.89600923499967
112,Texas Health Harris Methodist Hospital Stephenvill,"411 N. Belknap St., Stephenville - 76401",32.222817457000474,-98.20456580499967
113,Hunt Regional Medical Center,"4215 Joe Ramsey Blvd. , Greenville - 75401",33.12343419600046,-96.12338054599968
114,"Methodist Hospital,The","6565 Fannin, Houston - 77030",29.71029073100044,-95.4002913439997
115,Childress Regional Medical Center,"901 U.S. Highway 83 North, Childress - 79201",34.22713244300047,-100.30250568299965
116,Columbus Community Hospital,"110 Shult Drive, Columbus - 78934",29.694326900000476,-96.54255730299968
117,Baylor Medical Center At Waxahachie,"1405 W. Jefferson St., Waxahachie - 75165",32.39664614200046,-96.86474631299967
118,East Texas Medical Center Mount Vernon,"500 S. State Highway 37, Mount Vernon - 75457",33.17657384000046,-95.2334694919997
119,Dallas Medical Center,"7 Medical Parkway, Dallas - 75234",32.915007724000475,-96.8701365609997
120,Methodist Hospital,"7700 Floyd Curl Drive, San Antonio - 78229",29.508905215000482,-98.57381969799968
121,East Texas Medical Center Athens,"2000 S. Palestine, Athens - 75751",32.170739383000466,-95.84364004699967
122,Memorial Medical Center Livingston,"1717 Highway 59 Bypass, Livingston - 77351",30.730405473000474,-94.9377741079997
123,Brownfield Regional Medical Center,"705 E. Felt St., Brownfield - 79316",33.18710909200047,-102.26764383899967
124,Parkview Regional Hospital,"600 S. Bonham St., Mexia - 76667",31.675868382000488,-96.48009801599966
125,Medical Center Of Mckinney,"4500 Medical Center Drive, Mckinney - 75069",33.16164324900046,-96.6355275309997
126,Eastland Memorial Hospital,"304 S. Daugherty, Eastland - 76448",32.40017699600048,-98.82156238499965
127,Texas Health Harris Methodist Hospital Azle,"108 Denver Trail, Azle - 76020",32.88116677400046,-97.53374465599967
128,Baylor Medical Center At Uptown,"2727 E. Lemmon Ave. Building I, Dallas - 75204",32.80375231500045,-96.79415059699966
129,San Jacinto Methodist Hospital,"4401 Garth Road, Baytown - 77521",29.76918987500045,-94.97760168799965
130,St David's Medical Center,"919 E. 32nd St., Austin - 78705",30.290795555000443,-97.72667312899966
131,Riverside General Hospital,"3204 Ennis St., Houston - 77004",29.730508243000486,-95.3605840729997
132,Navarro Regional Hospital,"3201 W. Highway 22, Corsicana - 75110",32.08492169900046,-96.50253531399966
133,Glen Rose Medical Center,"1021 Holden St., Glen Rose - 76043",32.241272730000446,-97.74732198399965
134,Tyler County Hospital,"1100 W. Bluff, Woodville - 75979",30.77530155800048,-94.4278455759997
135,Texas Health Presbyterian Hospital  Dallas,"8200 Walnut Hill Lane, Dallas - 75231",32.88317316400048,-96.76334545699967
136,Matagorda Regional Medical Center,"104 7th St., Bay City - 77414",28.982807127000456,-95.99135590199967
137,Texas Health Presbyterian Hospital-WNJ,"500 N. Highland Ave., Sherman - 75091",33.63807317900046,-96.62358275999969
138,Etmc Henderson,"300 Wilson St., Henderson - 75652",32.16161490200045,-94.7963275249997
139,Woodland Heights Medical Center,"505 S. John Redditt Drive, Lufkin - 75904",31.327920699000458,-94.75614351799965
140,Allegiance Specialty Hospital Of Kilgore,"1612 S. Henderson Blvd., Kilgore - 75662",32.37452966300049,-94.86916780799964
141,Medical Arts Hospital,"2200 N. Bryan Ave., Lamesa - 79331",32.73021189400049,-101.96040809699969
142,Bowie Memorial Hospital,"705 East Greenwood Ave., Bowie - 76230",33.56184312500045,-97.83515076799966
143,Stephens Memorial Hospital,"200 S. Geneva, Breckenridge - 76424",32.75459321800048,-98.8876965229997
144,Memorial Hospital,"1204 Mound St., Nacogdoches - 75961",31.613900249000437,-94.6494220409997
145,The Medical Center Of Southeast Texas,"2555 Jimmy Johnson Blvd., Port Arthur - 77640",29.93363685200046,-93.98927823799966
146,Methodist Richardson Medical Center,"401 W. Campbell Road, Richardson - 75080",32.975322597000456,-96.72739033699969
147,Covenant Hospital Plainview,"2601 Dimmit Road, Plainview - 79072",34.20771732500049,-101.73222900499968
148,Abilene Regional Medical Center,"6250 Highway 83/84, Abilene - 79606",32.39045117900048,-99.78593759799969
149,Baylor Regional Medical Center At Grapevine,"1650 W. College St., Grapevine - 76051",32.935572627000454,-97.09306020599968
150,Palo Pinto General Hospital,"400 Sw. 25th Ave., Mineral Wells - 76067",32.79953394500046,-98.14558180799969
151,Shannon Medical Center,"120 E. Harris Ave., San Angelo - 76903",31.464676898000448,-100.43456857099966
152,Christus Jasper Memorial Hospital,"1275 Marvin Hancock Drive, Jasper - 75951",30.908100824000485,-94.00847214299966
153,Hemphill County Hospital,"1020 S. 4th St., Canadian - 79014",35.905193006000445,-100.38741821999969
154,East Texas Medical Center Crockett,"1100 Loop 304 East, Crockett - 75835",31.312390140000446,-95.4732285239997
155,Wilbarger General Hospital,"920 Hillcrest Drive, Vernon - 76384",34.16101687900044,-99.31391189899966
156,Seymour Hospital,"200 Stadium Drive, Seymour - 76380",33.58938580200049,-99.24752348999965
157,Brownwood Regional Medical Center,"1501 Burnet Drive, Brownwood - 76801",31.677058114000488,-98.9923817459997
158,Angleton-Danbury Medical Center,"132 Hospital Drive, Angleton - 77515",29.185163443000476,-95.40372026899968
159,Lake Granbury Medical Center,"1310 Paluxy Road, Granbury - 76048",32.431553060000454,-97.80308886499967
160,Cuero Community Hospital,"2550 N. Esplanade, Cuero - 77954",29.113191286000472,-97.28150941999968
161,Hill Country Memorial Hospital Inc,"1020 S. State Highway 16, Fredericksburg - 78624",30.26237446300047,-98.88031646699966
162,Care Regional Medical Center,"1711 W. Wheeler Ave., Aransas Pass - 78336",27.91595230000047,-97.16199247699967
163,Va Amarillo Healthcare System,"6010 Amarillo Blvd. West, Amarillo - 79106",35.20360463500049,-101.9047359269997
164,Memorial Hermann Memorial City Medical Center,"921 Gessner, Houston - 77024",29.780033701000434,-95.54460080099966
165,Clear Lake Regional Medical Center,"500 Medical Center Blvd., Webster - 77598",29.54037260800044,-95.12728855299969
166,Dimmit Regional Hospital,"704 Hospital Drive, Carrizo Springs - 78834",28.519649485000457,-99.86260120299966
167,Denton Regional Medical Center,"3535 S. Interstate 35 East, Denton - 76210",33.15170048800047,-97.0955362629997
168,Houston Northwest Medical Center,"710 Fm 1960 West, Houston - 77090",30.018112533000476,-95.43963368899966
169,Texas Health Harris Methodist Hurst-Euless-Bedford,"1600 Hospital Parkway, Bedford - 76022",32.83286399500048,-97.12518524299969
170,Va West Texas Healthcare System,"300 Veterans Blvd., Big Spring - 79720",32.23184502400045,-101.47114698999968
171,Nocona General Hospital,"100 Park Road, Nocona - 76255",33.77666907900044,-97.73160329699965
172,Doctors Hospital Of Laredo,"10700 Mc Pherson Road, Laredo - 78041",27.608707212000468,-99.47676853899969
173,West Houston Medical Center,"12141 Richmond Ave., Houston - 77082",29.73056272600047,-95.5932092169997
174,Medical City Dallas Hospital,"7777 Forest Lane, Dallas - 75230",32.90947736500044,-96.77213011799967
175,Medical Center Of Plano,"3901 W. 15th St., Plano - 75075",33.019377894000456,-96.7657237519997
176,Scenic Mountain Medical Center,"1601 W. 11th Place, Big Spring - 79720",32.23982321000045,-101.49303512499966
177,Starr County Memorial Hospital,"128  N. Fm 3167, Rio Grande City - 78582",26.376012012000444,-98.79654943099968
178,Nacogdoches Medical Center,"4920 N.E. Stallings Drive, Nacogdoches - 75961",31.583861306000472,-94.62222909499968
179,East Texas Medical Center - Fairfield,"125 Newman St., Fairfield - 75840",31.725601140000435,-96.1696530589997
180,Park Plaza Hospital,"1313 Hermann Drive, Houston - 77004",29.72244478300047,-95.38809553799967
181,Odessa Regional Hospital,"520 E. 6th St., Odessa - 79761",31.85123502200048,-102.36636533099966
182,Valley Regional Medical Center,"100 E. Alton Gloor Blvd., Brownsville - 78526",25.969992973000444,-97.47837904299968
183,Sierra Medical Center,"1625 Medical Center Drive, El Paso - 79902",31.778121413000463,-106.47969310699966
184,Medical Center Of Lewisville,"500 W. Main St., Lewisville - 75057",33.04625333100046,-97.00475062899966
185,Dallas Va Medical Center - Va North Texas,"4500 S. Lancaster Road, Dallas - 75216",32.69410704800049,-96.79289965699968
186,Tomball Regional Medical Center,"605 Holderrieth, Tomball - 77375",30.089252889000477,-95.62389203199967
187,Plaza Medical Center Of Fort Worth,"900 Eighth Ave., Fort Worth - 76104",32.734543422000456,-97.34374819899966
188,"Womans Hospital Of Texas,The","7600 Fannin, Houston - 77054",29.692731500000434,-95.40136210899965
189,Medical Center Of Arlington,"3301 Matlock Road, Arlington - 76015",32.69195030800046,-97.11475069399967
190,Huguley Memorial Medical Center,"11801 South Freeway, Burleson - 76028",32.55265003000045,-97.31902708199965
191,Doctors Hospital,"9440 Poppy Drive, Dallas - 75218",32.835283932000436,-96.70554271799966
192,Memorial Hermann Northeast,"18951 Memorial North, Humble - 77338",29.995915451000485,-95.27491099799965
193,University Medical Center,"602 Indiana Ave., Lubbock - 79415",33.60700019400048,-101.88780712299967
194,Dallas Regional Medical Center,"1011 N. Galloway Ave., Mesquite - 75149",32.778641914000445,-96.60007104699969
195,University Of Texas Health Science Center At Tyler,"11937 U.S. Highway 271, Tyler - 75708",32.424286708000466,-95.20790183699967
196,El Campo Memorial Hospital,"303 Sandy Corner Road, El Campo - 77437",29.219498442000486,-96.28969005299967
197,Southwest General Hospital,"7400 Barlite Blvd., San Antonio - 78224",29.35410762300046,-98.54647878799966
198,Lamb Healthcare Center,"1500 S. Sunset, Littlefield - 79339",33.91241132200048,-102.3454165069997
199,Longview Regional Medical Center,"2901 N. Fourth St., Longview - 75605",32.53252516000049,-94.72880224799968
200,Christus St John Hospital,"18300 St. John Drive, Nassau Bay - 77058",29.54885890300045,-95.0848286539997
201,Rio Grande Regional Hospital,"101 E. Ridge Road, Mcallen - 78503",26.18562728100045,-98.22161656499969
202,St David's South Austin Medical Center,"901 W. Ben White Blvd., Austin - 78704",30.22727330100048,-97.77426033599966
203,Cypress Fairbanks Medical Center,"10655 Steepletop Drive, Houston - 77065",29.926338520000456,-95.58865042499968
204,Round Rock Medical Center,"2400 Round Rock Ave., Round Rock - 78681",30.50899577500047,-97.71340181999966
205,Methodist Charlton Medical Center,"3500 W. Wheatland Road, Dallas - 75237",32.647453157000484,-96.87646012399966
206,Baylor Medical Center At Carrollton,"4343 N. Josey Lane, Carrollton - 75010",33.028234909000446,-96.88446791599966
207,Lake Pointe Medical Center,"6800 Scenic Drive, Rowlett - 75088",32.918890218000456,-96.50943765799968
208,Texas Health Presbyterian Hospital Denton,"3000 N. Interstate 35, Denton - 76201",33.217893227000445,-97.16948186399969
209,Knox County Hospital,"701 S.E. 5th St., Knox City - 79529",33.41407539700049,-99.81160927499968
210,Palestine Regional Medical Center,"2900 S. Loop 256, Palestine - 75801",31.73398439100049,-95.62748129199969
211,East Texas Medical Center Trinity,"317 Prospect Drive/P.O. Box 3169, Trinity - 75862",30.95178067800049,-95.37623144299965
212,Houston Va Medical Center,"2002 Holcombe Blvd., Houston - 77030",29.706022489000475,-95.38992508699965
213,Hamilton General Hospital,"400 N. Brown, Hamilton - 76531",31.703941124000437,-98.11337378999968
214,Covenant Hospital Levelland,"1900 College Ave., Levelland - 79336",33.572750622000456,-102.36779383399966
215,UT Southwestern University Hospital-Zale Lipshy,"5151 Harry Hines Blvd., Dallas - 75390",32.81095249100048,-96.83628504399968
216,Central Texas Hospital,"806 N. Crockett, Cameron - 76520",30.85675889500044,-96.9769022969997
217,Texas Health Presbyterian Hospital Plano,"6200 W. Parker Road, Plano - 75093",33.04512340500048,-96.83633943499967
218,Tops Surgical Specialty Hospital,"17080 Red Oak Drive, Houston - 77090",30.018312139000443,-95.44462547999967
219,Kingwood Medical Center,"22999 U.S. Highway 59, Kingwood - 77325",30.055671165000433,-95.18761827699967
220,Texas Health Harris Methodist Hospital Southwest F,"6100 Harris Parkway, Fort Worth - 76132",32.65890521300048,-97.41982814399967
221,Methodist Ambulatory Surgery Hospital Nw,"9150 Huebner Road, Suite 100, San Antonio - 78240",29.52768995000048,-98.59586985099969
222,"Corpus Christi Medical Center,The","7101 S. Padre Island Drive, Corpus Christi - 78412",27.694355421000466,-97.3441526639997
223,St Anthony's Hospital,"2807 Little York Road, Houston - 77093",29.87107752300045,-95.34254077699967
224,Northwest Texas Surgery Center,"3501 Soncy Road, Suite 118, Amarillo - 79109",35.17352940000046,-101.93812557999968
225,Houston Hospital For Specialized Surgery,"5445 La Branch St., Houston - 77004",29.72438247700046,-95.3843575409997
226,Christus St Michael Health System,"2600 St. Michael Drive, Texarkana - 75504",33.46222460900049,-94.07552250399965
227,Doctors Hospital Tidwell,"510 W. Tidwell, Houston - 77091",29.847248387000434,-95.40785030499967
228,Texas Orthopedic Hospital,"7401 S. Main St., Houston - 77030",29.700561632000472,-95.4095072939997
229,Northwest Hills Surgical Hospital,"6818 Austin Center Blvd., Suite 100, Austin - 78731",30.350770501000454,-97.75121054199968
230,North Austin Medical Center,"12221 Mopac Expressway North, Austin - 78758",30.383593075000476,-97.70797782299968
231,Methodist Sugar Land Hospital,"16655 Southwest Freeway, Sugar Land - 77479",29.59109397700047,-95.63091458599968
232,Las Colinas Medical Center,"6800 N. Mac Arthur Blvd., Irving - 75039",32.90203014800045,-96.95863801199965
233,Cornerstone Regional Hospital,"2302 Cornerstone Blvd., Edinburg - 78539",26.263135043000432,-98.19896117799965
234,Kell West Regional Hospital,"5402 Kell West Blvd., Wichita Falls - 76310",33.88428429200047,-98.5336093899997
235,Christus Spohn Hospital Alice,"2500 E. Main St., Alice - 78332",27.764705795000452,-98.04479606099966
236,Surgery Specialty Hospitals Of America Se Houston,"4301 Vista Road, Pasadena - 77504",29.651420542000437,-95.18996892499968
237,Christus St Catherine Hospital,"701 S. Fry Road, Katy - 77450",29.777793056000462,-95.71884382999968
238,Ennis Regional Medical Center,"2201 W. Lampasas St., Ennis - 75119",32.31334626500046,-96.63954909799969
239,"Physicians Centre,The","3131 University Drive East, Bryan - 77802",30.649492806000467,-96.29656846599966
240,Texas Health Presbyterian Hospital Allen,"1105 Central Expressway North, Allen - 75013",33.11581725900044,-96.6713061749997
241,Methodist Willowbrook Hospital,"18220 Tomball Parkway, Houston - 77070",29.963626775000478,-95.55016402199965
242,El Paso Specialty Hospital,"1755 Curie, Suite A, El Paso - 79902",31.779586528000436,-106.4770518739997
243,Memorial Hermann Katy Hospital,"23900 Katy Freeway, Katy - 77494",29.785938752000447,-95.78579960799965
244,Memorial Hermann Sugar Land Hospital,"17500 W. Grand Parkway South, Sugar Land - 77479",29.56364695600047,-95.68809768599965
245,Baylor Heart And Vascular Hospital,"621 N. Hall St., Dallas - 75226",32.787893846000486,-96.78025528599966
246,Baylor Medical Center At Frisco,"5601 Warren Parkway, Frisco - 75034",33.10668309200048,-96.83757121999969
247,Harlingen Medical Center,"5501 S. Expressway 77, Harlingen - 78550",26.156573715000434,-97.67591407299966
248,South Texas Spine And Surgical Hospital,"18600 N. Hardy Oak Blvd., San Antonio - 78258",29.613162866000437,-98.47844867199967
249,Sugar Land Surgical Hospital Llp,"1211 Highway 6, Suite 70, Sugar Land - 77478",29.604797481000446,-95.63669044999966
250,St Luke's The Woodlands Hospital,"17200 St. Luke's Way, The Woodlands - 77384",30.20540459600045,-95.46067405199966
251,Texas Spine And Joint Hospital,"1814 Roseland Blvd., Tyler - 75701",32.329361020000476,-95.29942826999968
252,Seton Southwest Hospital,"7900 Fm 1826, Austin - 78737",30.226756898000474,-97.88967630999969
253,Seton  Northwest Hospital,"11113 Research Blvd., Austin - 78759",30.406256536000456,-97.74484907799967
254,Doctors Hospital At Renaissance,"5501 S. Mc Coll, Edinburg - 78539",26.253825290000464,-98.2038909259997
255,Temple Va Medical Center - Va Central Texas,"1901 Veterans Memorial Drive, Temple - 76504",31.07791054200044,-97.34924809999967
256,Arise Austin Medical Center,"3003 Bee Caves Road, Austin - 78746",30.271592722000435,-97.79583790899966
257,Usmd Hospital At Arlington L P,"801 W. Interstate 20, Arlington - 76017",32.67904779000048,-97.11681723199968
258,Baylor Surgical Hospital At Las Colinas,"400 W. Interstate 635, Suite 101, Irving - 75063",32.91219331800045,-96.94562727399966
259,Quail Creek Surgical Hospital,"6819 Plum Creek, Amarillo - 79124",35.20998838300045,-101.91313453699968
260,Lubbock Heart Hospital Lp,"4810 N. Loop 289, Lubbock - 79416",33.60307460400048,-101.91345596499968
261,Foundation Surgical Hospital Of El Paso,"1416 George Dieter, El Paso - 79936",31.73446052300045,-106.30155790899971
262,Baylor Surgical Hospital At Fort Worth,"750 12th Ave., Fort Worth - 76104",32.73681623000044,-97.34741874699967
263,Baylor Medical Center At Trophy Club,"2850 E. State Highway 114, Trophy Club - 76262",32.987939182000446,-97.17480994399966
264,East Texas Medical Center - Gilmer,"712 N. Wood, Gilmer - 75644",32.735286070000484,-94.9425944949997
265,Centennial Medical Center,"12505 Lebanon Road, Frisco - 75035",33.115852791000464,-96.77095055099966
266,Texas Health Harris Methodist Hospital Southlake,"1545 E. Southlake Blvd., Southlake - 76092",32.94094274000048,-97.12898097899966
267,Texas Institute For Surgery At Presbyterian Hospit,"7115 Greenville Ave., Suite 100, Dallas - 75231",32.877354160000436,-96.76128932299969
268,Baylor Regional Medical Center At Plano,"4700 Alliance Blvd., Plano - 75093",33.01433349300049,-96.7909611499997
269,Texas Health Center For Diagnostics & Surgery Plan,"6020 W. Parker Road, Plano - 75093",33.04508313400049,-96.8316112709997
270,The Heart Hospital Baylor Denton,"2801 S. Mayhill Road, Denton - 76208",33.17643770900048,-97.0881875449997
271,Pine Creek Medical Center Llp,"9032 Harry Hines Blvd., Dallas - 75235",32.84036268000045,-96.86900071199966
272,San Antonio Va Medical Center - Va South Texas,"7400 Merton Minter Blvd., San Antonio - 78229",29.508417301000463,-98.5808280979997
273,Reagan Memorial Hospital,"805 N. Main, Big Lake - 76932",31.197585137000488,-101.46171618399967
274,Good Shephard Medical Center-Linden,"404 N. Kaufman St., Linden - 75563",33.01370299600046,-94.36456402999966
275,Limestone Medical Center,"701 Mc Clintic Drive, Groesbeck - 76642",31.53165894300048,-96.52981087999967
276,Burleson St Joseph Health Center,"1101 Woodson Drive, Caldwell - 77836",30.521254807000446,-96.71628700799965
277,Yoakum County Hospital,"412 Mustang Ave., Denver City - 79323",32.96808180800048,-102.83636580599966
278,Mccamey Hospital,"2500 Highway 305 South, Mccamey - 79752",31.084903901000473,-102.19083641899971
279,Ballinger Memorial Hospital,"608 Ave. B, Ballinger - 76821",31.74964799200046,-99.96244035099966
280,Sweeny Community Hospital,"305 N. Mc Kinney, Sweeny - 77480",29.04788919100048,-95.6907394219997
281,Fisher County Hospital District,"774 State Highway 70 North, Rotan - 79546",32.83423622100048,-100.43528829699966
282,North Runnels Hospital,"7821 E. Highway 153, Winters - 79567",31.963971510000476,-99.9655557809997
283,Madison St Joseph Health Center,"100 W. Cross St., Madisonville - 77864",30.941998407000483,-95.91001707999965
284,Mother Frances Hospital Jacksonville,"2026 S. Jackson St., Jacksonville - 75766",31.939444942000478,-95.2510389149997
285,Bayside Community Hospital,"200 Hospital Drive, Anahuac - 77514",29.752112800000475,-94.68514263399965
286,Hunt Regional Community Hospital,"2900 Sterling Hart Drive, Commerce - 75428",33.23096437200047,-95.89574650399965
287,Grimes St Joseph Health Center,"210 Judson St., Navasota - 77868",30.395151846000488,-96.07908853199967
288,Rollins Brook Community Hospital,"608 N. Key Ave., Lampasas - 76550",31.072403706000443,-98.1856444019997
289,Chillicothe Hospital District,"303 Ave. I, Chillicothe - 79225",34.25539024300048,-99.51584552699967
290,Medina Regional Hospital,"3100 Ave. E, Hondo - 78861",29.33557236100046,-99.1334607499997
291,Coon Memorial Hospital,"1411 Denver Ave., Dalhart - 79022",36.05210894400045,-102.5218438069997
292,Martin County Hospital District,"600 E. Interstate 20/P.O. Box 640, Stanton - 79782",32.10655286600047,-101.84900703999966
293,Parkview Hospital,"901 S. Sweetwater, Wheeler - 79096",35.439240329000484,-100.27087724799969
294,W J Mangold Memorial Hospital,"320 N. Main, Lockney - 79241",34.126857552000445,-101.44163500499968
295,Haskell Memorial Hospital,"1 N. Ave. North/P.O. Box 1117, Haskell - 79521",33.15685985800047,-99.74416060299967
296,Mitchell County Hospital District,"997 W. Interstate 20, Colorado City - 79512",32.392156688000455,-100.92845625999968
297,Electra Memorial Hospital,"1207 S. Bailey St., Electra - 76360",34.01910602500044,-98.92399275299965
298,Hansford County Hospital,"707 Roland St., Spearman - 79081",36.19071202900045,-101.2001025669997
299,Yoakum Community Hospital,"1200 Carl Ramert Drive, Yoakum - 77995",29.30713157100047,-97.13082036699967
300,Coleman County Medical Center Company,"310 S. Pecos St., Coleman - 76834",31.828863727000453,-99.42525004399965
301,Swisher Memorial Hospital,"539 S.E. 2nd St., Tulia - 79088",34.535628218000454,-101.75584968399966
302,Plains Memorial Hospital,"310 W. Halsell St., Dimmitt - 79027",34.55559098000049,-102.31519259099969
303,Lynn County Hospital District,"2600 Lockwood St., Tahoka - 79373",33.16631367800045,-101.77503893199969
304,Hamilton Hospital,"901 W. Hamilton, Olney - 76374",33.36961188500044,-98.76381281899967
305,Collingsworth General Hospital,"1013 15th St., Wellington - 79095",34.84917949600049,-100.21241949299969
306,Memorial Medical Center,"815 N. Virginia St., Port Lavaca - 77979",28.620971134000456,-96.63158226199965
307,Little River Healthcare,"1700 Brazos, Rockdale - 76567",30.650107321000462,-97.02206497199967
308,Sabine County Hospital,"2301 U.S. Highway 83 West/P.O. Box 750 , Hemphill - 75948",31.310200258000464,-93.77394901299965
309,Jackson Healthcare Center,"1013 S. Wells, Edna - 77957",28.970852005000438,-96.6373718379997
310,Otto Kaiser Memorial Hospital,"3349 S. Highway 181, Kenedy - 78119",28.848629634000474,-97.87837105599965
311,Seton Highland Lakes,"3201 S. Water St., Burnet - 78611",30.80165340500048,-98.3842388379997
312,Cochran Memorial Hospital,"205 E. Grant St., Morton - 79346",33.71932889000044,-102.7579376489997
313,East Texas Medical Center Pittsburg,"2701 U.S. Highway 271 North, Pittsburg - 75686",33.03100783800045,-94.96206392999966
314,Golden Plains Community Hospital,"100 Medical Drive, Borger - 79007",35.65602056500046,-101.40796953899968
315,Red River Regional Hospital,"504 Lipscomb St., Bonham - 75418",33.578319716000465,-96.16741807799968
316,Seton Edgar B Davis Hospital,"130 Hays St., Luling - 78648",29.672628517000476,-97.65348253999969
317,Muleshoe Area Medical Center,"708 S 1st St., Muleshoe - 79347",34.22110625100049,-102.72842759199966
318,Ward Memorial Hospital,"406 S. Gary St., Monahans - 79756",31.593884051000487,-102.88455632999967
319,Scott & White Hospital-Taylor,"305 Mallard, Taylor - 76574",30.591904772000476,-97.41530133899965
320,Lavaca Medical Center,"1400 N. Texana St., Hallettsville - 77964",29.457930596000438,-96.93980945299967
321,Reeves County Hospital District,"2323 Texas St., Pecos - 79772",31.401773196000477,-103.51282219499967
322,Big Bend Regional Medical Center,"2600 Highway 118 North, Alpine - 79830",30.35429035800047,-103.6599662269997
323,Coryell Memorial Healthcare System,"1507 W. Main St., Gatesville - 76528",31.433610711000483,-97.7761219199997
324,East Texas Medical Center Quitman,"117 Winnsboro St., Quitman - 75783",32.796375054000464,-95.44505377599967
325,Cook Childrens Medical Center,"801 Seventh Ave., Fort Worth - 76104",32.73648996200046,-97.34195795299968
326,Driscoll Childrens Hospital,"3533 S. Alameda/P.O. Box 6530, Corpus Christi - 78411",27.74926046200045,-97.38499668099968
327,Dell Children's Medical Center Of Central Texas,"4900 Mueller Blvd., Austin - 78723",30.302557926000475,-97.70494631999969
328,South Hampton Community Hospital,"2929  S. Hampton Road, Dallas - 75224",32.71524077400045,-96.85716182699969
329,St Marks Medical Center,"1 St. Mark's Place, La Grange - 78945",29.91365031400045,-96.87637852999967
330,Memorial Hermann Surgical Hospital Kingwood,"300 Kingwood Medical Drive, Kingwood - 77339",30.047258445000466,-95.25805092199965
331,The Hospital At Westlake Medical Center,"5656 Bee Caves Road, Suite M 302, Austin - 78746",30.294565531000444,-97.82458826699968
332,Houston Physicians' Hospital,"333 N. Texas Ave., Webster - 77598",29.534700470000473,-95.12562208799966
333,Mayhill Hospital,"2809 S. Mayhill Road, Denton - 76208",33.176011109000456,-97.08822676499966
334,Houston Orthopedic And Spine Hospital,"5410 West Loop South, Bellaire - 77401",29.72394069200044,-95.46077209299966
335,Doctors Diagnostic Hospital,"1017 S. Travis, Cleveland - 77328",30.36388412900044,-95.1861192509997
336,University General Hospital,"7501 Fannin, Houston - 77054",29.693011021000473,-95.40077819599969
337,Innova Hospital San Antonio,"4243 Southcross Blvd., San Antonio - 78222",29.37492835800049,-98.4117344339997
338,Methodist Mansfield Medical Center,"2700 E. Broad St., Mansfield - 76063",32.568492035000475,-97.09708970799966
339,North Cypress Medical Center,"21214 Northwest Freeway, Cypress - 77429",29.924885250000443,-95.63252806199966
340,The Heart Hospital Baylor Plano,"1100 Allied Drive, Plano - 75093",33.014446835000456,-96.79073860899967
341,First Surgical Hospital,"4801 Bissonet Blvd., Bellaire - 77401",29.71037564900047,-95.46249777799966
342,St Luke's Patients Medical Center,"4600 E. Sam Houston Parkway South, Pasadena - 77505",29.641109010000434,-95.16000312999967
343,Scott & White Hospital-Round Rock,"300 University Blvd., Round Rock - 78664",30.560317426000438,-97.6849191389997
344,Seton Medical Center Williamson,"201 Seton Parkway, Round Rock - 78664",30.571051729000487,-97.65298034999967
345,Cedar Park Regional Medical Center,"1401 Medical Parkway, Cedar Park - 78613",30.530595852000488,-97.81187836799967
346,Texas Health Presbyterian Hospital Rockwall,"3150 Horizon Road, Rockwall - 75032",32.886069045000454,-96.46477002099965
347,"Cook Childrens Northeast Hospital, Llc","6316 Precinct Line Road, Hurst - 76054",32.86322060000049,-97.18608847099966
348,Usmd Hospital  At Fort Worth Lp,"5900 Dirks Road, Fort Worth - 76132",32.64560779900046,-97.41748793299968
349,Sierra Providence East Medical Center,"3280 Joe Battle Blvd., El Paso - 79938",31.790220156000487,-106.26762812799967
350,North Central Surgical Center Llp,"9301 N. Central Expressway, Suite 100, Dallas - 75231",32.87500902800048,-96.77064378899968
351,Trustpoint Hospital,"4302 Princeton, Lubbock - 79415",33.616860450000445,-101.86834885199966
352,St Luke'S Sugar Land Hospital,"1317 Lake Pointe Parkway, Sugar Land - 77478",29.604892134000465,-95.62127853899966
353,Foundation Surgical Hospital Of San Antonio,"9522 Huebner Road, San Antonio - 78240",29.531390046000467,-98.59216975599969
354,Methodist Stone Oak Hospital,"1139 E. Sonterra Blvd., San Antonio - 78258",29.614517831000455,-98.47655835299969
355,Seton Medical Center Hays,"6001 Kyle Parkway, Kyle - 78640",30.007586133000473,-97.85517981299967
356,Emerus Hospital,"16000 Southwest Freeway, Sugar Land - 77479",29.597971629000483,-95.62367104599969
357,St Lukes Lakeside Hospital,"17400 St. Luke's Way, The Woodlands - 77384",30.20184948600047,-95.45938184199969
358,Texas Regional Medical Center At Sunnyvale,"231 S. Collins Road, Sunnyvale - 75182",32.778419244000474,-96.56715393599967
359,South Texas Surgical Hospital,"6130 Parkway Drive, Corpus Christi - 78414",27.686783491000483,-97.3756034759997
360,Baylor Emergency Medical Center,"26791 U.S. Highway 380, Aubrey - 76227",33.22007846300045,-96.91343975899969
361,"Basin Healthcare Center, Llc","900 E. 4th St., Odessa - 79761",31.85188607800046,-102.36036024399971
362,Baylor Orthopedic And Spine Hospital At Arlington,"707 Highlander Blvd., Arlington - 76015",32.682620090000455,-97.11529834199968
363,Texas Health Presbyterian Hospital Flower Mound,"4400 Long Prairie Road, Flower Mound - 75028",33.04542069100046,-97.06928792199966
364,Methodist Mckinney Hospital,"8000 W. Eldorado Parkway, Mc Kinney - 75070",33.17556716800044,-96.72303052499967
365,Texas Health Heart & Vascular Hospital Arlington,"811 Wright St., Arlington - 76012",32.748228827000446,-97.11580995499969
366,"Westbury Community Hospital, Llc","5556 Gasmer, Houston - 77035",29.651058050000472,-95.47803249399965
367,Methodist Hospital For Surgery,"17101 Dallas Parkway, Addison - 75001",32.98389642400048,-96.82890313099966
368,"St Luke's Hospital At The Vintage, Llc","20171 Chasewood Park Drive, Houston - 77070",29.989951515000485,-95.5701722989997
369,Heritage Park Surgical Hospital,"3601 Calais Drive, Sherman - 75090",33.63243189700046,-96.5833079089997
370,Methodist West Houston Hospital,"18500 Katy Freeway, Houston - 77094",29.78553828000048,-95.69489077799966
371,Baptist Emergency Hospital,"16088 San Pedro, San Antonio - 78232",29.587791629000435,-98.47422032899965
372,"Lakeway Regional Medical Center, Llc","100 Medical Parkway, Lakeway - 78734",30.377384062000488,-97.95245824799969
373,Seton Medical Center Harker Heights,"850 W. Central Texas Expressway, Harker Heights - 76548",31.08180194300047,-97.6419398219997
374,Baylor Medical Center At Mckinney,"5252 W. University Drive, Mc Kinney - 75071",33.21840844500048,-96.67983036999965
375,Texas General Hospital,"2709 Hospital Blvd., Grand Prairie - 75051",32.73362369000046,-97.0479602589997
376,Pristine Hospital Of Pasadena,"1004 Seymour St., Pasadena - 77506",29.702943479000453,-95.20046019099965
377,Texas Health Harris Methodist Hospital Alliance,"10864 Texas Health Trail, Fort Worth - 76244",32.93238478900048,-97.30977613699969
